,t_stat,p_value
RF_Pred vs XGB_Pred,7.177894344456318,4.005754214121453e-12
RF_Pred vs Tuned_XGB_Pred,8.76088883754062,7.448420411149445e-17
XGB_Pred vs Tuned_XGB_Pred,2.9786815866453407,0.0030890236602191894
