Fold,RMSE
1,21.717830299612597
2,26.942668395499293
3,24.574957828976636
4,14.024914453083401
5,18.94538875255665
